x,y,color
1.68822495131,0.222365904915,B
1.50367023899,0.856898855358,B
0.541749689495,0.586797169499,W
1.9893277204,0.0786713829567,B
1.91798396517,0.123794917527,B
0.527718019341,0.602222445576,W
1.10520145472,0.690086501781,B
0.27460293705,0.0786244663155,W
0.903853998262,0.0899280636795,W
1.30306287114,0.988611356643,B
1.56842258462,0.804756571451,B
1.69972763838,0.0455485675203,B
1.42441547731,0.748095698907,B
1.36676815724,0.78170545399,B
1.78662036885,0.318102358507,B
0.121149676101,0.820899967548,W
0.289744220496,0.38698133766,W
0.425837225163,0.937024761994,W
1.69606116438,0.668421432578,B
0.155742318082,0.967524679792,W
1.45978663669,0.788594632005,B
1.53623866353,0.827637642331,B
0.646302240319,0.5140723277,W
1.11965832865,0.267113148838,B
0.271619946156,0.725844933854,W
1.13403648185,0.238462228349,B
1.18965419928,0.913610218939,B
0.397965847428,0.598482375838,W
1.70609423093,0.744590826649,B
0.602146694035,0.131780783389,W
0.688197354959,0.961254690978,W
0.20538603019,0.42793168357,W
0.868734269475,0.164791355933,W
1.77749193644,0.736557267797,B
0.286406510106,0.178048456298,W
0.482114418572,0.37830049906,W
0.38851470392,0.751437520149,W
0.715594828443,0.047745823719,W
0.119813138428,0.594440446231,W
1.7402616497,0.552865801137,B
0.987860214417,0.616522098512,W
0.899192949196,0.0635726283414,W
0.639970228588,0.638551604976,W
1.07393115494,0.204950176715,B
1.56477425912,0.534412165668,B
0.484028351103,0.807660775719,W
1.55223397467,0.00516489860729,B
1.31320880883,0.537430679983,B
1.35648345699,0.254687475824,B
0.625634851743,0.493818708698,W
0.298887683888,0.0392606317619,W
0.12481930886,0.220617821249,W
0.773732580729,0.0671231124925,W
1.99847458558,0.821513445055,B
1.37545362477,0.288700887403,B
0.81930613993,0.730670999174,W
1.46049488918,0.598853579073,B
0.55254759196,0.464756404857,W
1.7407762046,0.709462908196,B
0.323695175835,0.0717729446115,W
0.632706212704,0.00945648025276,W
1.6875388022,0.267162422292,B
1.68144978604,0.96263915149,B
0.489852557492,0.873857314176,W
0.73397760138,0.148352076302,W
0.50220345435,0.954172889859,W
1.13314355161,0.681653952396,B
1.09787259584,0.432664928888,B
0.0824949677772,0.631632786165,W
1.82017830678,0.321694895176,B
1.73983077534,0.570636761197,B
0.602755716725,0.719759134102,W
0.299735741078,0.478112205497,W
1.60782805044,0.952960511639,B
0.679340225335,0.613481879849,W
0.82946002768,0.748210128897,W
1.84465850475,0.0972286933055,B
0.705568011256,0.155726481919,W
0.463308530535,0.400896966949,W
1.8913168468,0.00134926772661,B
1.70457991093,0.1298124306,B
0.646727251674,0.137392485015,W
1.03506141002,0.661277797002,B
1.28786540979,0.222285294236,B
0.98157098065,0.295833761677,W
0.190708334205,0.333842642098,W
1.64969371337,0.0737383231459,B
1.57205555082,0.35109271341,B
1.42120539736,0.58294057615,B
0.918903626365,0.80217677003,W
1.04436063691,0.615480464656,B
1.74611684548,0.803352603586,B
0.675523451535,0.559602284453,W
0.767997276415,0.338804576054,W
1.31447882703,0.489360268976,B
0.183064522734,0.762046442283,W
1.05702485497,0.1175313223,B
0.931055638345,0.880576901107,W
0.12106347993,0.617861698969,W
0.138238106628,0.399259258366,W
0.192554722445,0.0761998598479,W
1.91520820131,0.498339282703,B
1.88467007795,0.568705347015,B
1.94312627995,0.787210671606,B
1.17061234365,0.537848680809,B
1.8475094273,0.621975339558,B
1.54048076988,0.982941228401,B
1.46871060775,0.214085550681,B
1.55254326051,0.126603036535,B
1.0353692508,0.15956331287,B
0.449689952087,0.181657141726,W
0.0209785333436,0.615428098504,W
1.17060261322,0.334525945205,B
1.15103555615,0.0174981805908,B
1.92279973733,0.716035301685,B
0.946437953831,0.18803037654,W
0.660926319904,0.345281248014,W
0.228726408244,0.463099455731,W
0.0142285456177,0.531198528601,W
1.71480630887,0.326160954424,B
0.952055289067,0.581887369481,W
0.229785000663,0.0640989141252,W
0.716079302326,0.206983056345,W
1.84804254724,0.241748286538,B
0.783403208039,0.179826284234,W
0.212832127237,0.974227163218,W
0.906776953993,0.0688485888206,W
0.19067788443,0.440391407665,W
0.487321410027,0.256749765911,W
0.123823526432,0.903340721949,W
1.88574384654,0.96301799192,B
0.708372252374,0.949832842894,W
1.29141913452,0.99767689599,B
1.81471240667,0.240885707278,B
1.62580760703,0.120070227585,B
0.0812283700379,0.979065620576,W
1.51580068421,0.845363827276,B
0.817488405622,0.112394493926,W
0.381343842889,0.455034802056,W
1.41295300739,0.0601150853097,B
0.592531544248,0.0448435962382,W
1.01449921132,0.236589860283,B
0.985952097734,0.699003269996,W
0.98435565588,0.277143466926,W
0.340399650382,0.748599434184,W
0.815475469454,0.77329179269,W
0.148453418801,0.655417327287,W
0.380686228367,0.15067135231,W
1.24540430167,0.714608510606,B
0.574543885127,0.492306940634,W
1.76324047798,0.650035463074,B
0.154918758383,0.920687682152,W
0.00686853320342,0.155044168673,W
0.319734635175,0.208058388289,W
0.573734902382,0.962858112883,W
0.210024614915,0.236027386145,W
0.0638832778785,0.585192466577,W
0.498191288293,0.389687389819,W
1.34849402503,0.213319327308,B
0.840084321687,0.0810113399658,W
1.51342641937,0.108649049073,B
1.13275754663,0.293184772001,B
1.2982517944,0.662511279605,B
0.236315974175,0.578155003784,W
0.991807188593,0.506544864864,W
1.78065272749,0.505255912074,B
1.33885602386,0.442015397261,B
0.766185126622,0.0314160974155,W
0.0555574876581,0.979082202545,W
0.229322585556,0.0891214302895,W
0.715711559548,0.0367961914656,W
0.530114667989,0.265004789417,W
1.47966358038,0.666794282587,B
0.11552280896,0.915340036383,W
0.0706935046263,0.235001667022,W
1.97270723437,0.110596593325,B
1.33651317907,0.202454133171,B
0.348578230731,0.383198988353,W
1.97213247912,0.478440569327,B
0.531472447531,0.901127740646,W
0.857626585144,0.412420173002,W
1.62792364782,0.00730059975349,B
1.45615324265,0.399638415195,B
1.40037097076,0.931727711637,B
1.68244002385,0.660010838575,B
1.55675118275,0.489285804155,B
0.73186381895,0.806717008349,W
0.665037483691,0.254912113118,W
1.05490876552,0.99075563484,B
0.45882241177,0.717356353523,W
1.42173389759,0.0791591793295,B
0.956723036169,0.534765380562,W
0.50383352589,0.663628018243,W
0.851843046535,0.178654144376,W
0.469271728716,0.78135841929,W
1.32939024451,0.961610501448,B
0.656820985312,0.939126262535,W
1.75841598004,0.521459117559,B
1.17493398193,0.578899696468,B
0.850668032034,0.120247207659,W
1.16487668184,0.899390065709,B
1.15805429264,0.825430607211,B
0.810336868292,0.530632148854,W
1.82759957707,0.933552660611,B
0.672267528062,0.0255445184325,W
0.0878911671641,0.957796144327,W
0.828977923849,0.00418080639312,W
1.25006099609,0.38622174787,B
1.02700502871,0.909932193794,B
1.04398900491,0.379928954127,B
0.455653669066,0.785987368534,W
0.185620482009,0.873651276042,W
1.53453110917,0.0854573536741,B
0.896860842041,0.296291765035,W
0.11687536546,0.229068005992,W
0.857770418369,0.450125381232,W
0.369502455671,0.0363933590523,W
0.624890937817,0.0593633925213,W
1.8444103684,0.850834399518,B
0.363924092831,0.257315231933,W
0.0877182168498,0.861117151025,W
1.79840742071,0.11683903754,B
0.858201476939,0.405379956192,W
0.22499323999,0.241781639868,W
0.246128743402,0.464694018857,W
0.555496782726,0.43731805352,W
1.66352567126,0.791828474717,B
1.55977522143,0.498320683282,B
0.745263520704,0.732761277059,W
1.2884962117,0.0683273257877,B
1.57898954334,0.153085582519,B
0.223539824296,0.466675959592,W
0.690079761617,0.623018086203,W
1.73726494335,0.848295985041,B
1.80257482536,0.0292825772109,B
1.58007263282,0.981614301857,B
1.5144139192,0.372059504663,B
0.151135779588,0.956478560918,W
1.02393702173,0.112607492927,B
0.344311343222,0.553985993274,W
1.78143993545,0.889218781541,B
1.29519104706,0.630916890083,B
1.48664805216,0.183278854032,B
0.317261012136,0.735823583043,W
0.717157650487,0.318241388001,W
0.365695412597,0.0393785293754,W
0.980397592704,0.829492041425,W
1.90265120897,0.608272744068,B
1.57561669875,0.785573001344,B
1.9062651782,0.513286594276,B
0.480168528992,0.24395844646,W
1.85995354301,0.587772902461,B
1.09055260028,0.247654192673,B
0.696578025959,0.634099690639,W
1.57309749599,0.550886380812,B
0.133497544569,0.816298984609,W
1.19234076297,0.0942528178516,B
1.08184627795,0.985127779754,B
0.492416577321,0.799553098038,W
1.40006694033,0.227658486819,B
1.24812667598,0.234347678195,B
0.694256482095,0.522316833618,W
0.271331039229,0.86691611264,W
1.00005463247,0.878175391907,B
0.968470601299,0.533913854401,W
1.68233602651,0.359168112713,B
0.770211975466,0.702888998554,W
1.37714764546,0.152875598309,B
1.25258753123,0.58595696473,B
1.12463696328,0.632821339327,B
1.93913173684,0.865291994107,B
1.29364659622,0.572790858682,B
0.0770540223964,0.154875600769,W
1.00321120415,0.584185910772,B
1.64388936726,0.670379978592,B
0.934062632653,0.975591170328,W
1.46081026603,0.891055635344,B
0.375609511313,0.855699687622,W
1.56870279668,0.749926863262,B
0.119108235052,0.872118198781,W
0.126996401752,0.394492210715,W
0.823197638391,0.190777459564,W
1.45131844209,0.48598882705,B
1.70540383519,0.748210588831,B
0.291656811302,0.755691123852,W
0.138574262012,0.226842107113,W
1.27830119276,0.445579186978,B
0.787598938582,0.348048361039,W
0.115415088752,0.492756326424,W
1.84203123779,0.246027567448,B
0.200886287029,0.597241860813,W
0.589831986342,0.170963533016,W
0.975927592354,0.0975217771972,W
1.67197277524,0.09669958812,B
0.910161141029,0.267992911611,W
0.382807201088,0.462818160464,W
0.581397271535,0.201823707168,W
0.425700673344,0.956221772998,W
0.964517599967,0.665706799848,W
0.228087785309,0.207762108262,W
0.00152480386544,0.343689830457,W
1.94058568579,0.110114574576,B
1.72717828343,0.067318298557,B
0.358043320152,0.365728782325,W
0.769621091934,0.969321091808,W
1.22907245941,0.811054013793,B
1.77054176158,0.197823174901,B
0.12604921204,0.857805902209,W
1.75760655361,0.957732596198,B
1.1107639693,0.68986113544,B
1.08022339865,0.841573465736,B
0.227205858048,0.961355806281,W
0.222904198807,0.45361878377,W
1.16660287504,0.58078928461,B
1.21119893226,0.391048302184,B
0.412639280779,0.31039139759,W
1.12064627284,0.781136805808,B
1.81077902159,0.289762753261,B
0.906819594215,0.128335704444,W
0.189383169038,0.824965919202,W
1.55727172045,0.801628059456,B
0.471837302423,0.871873827378,W
0.583912680114,0.7934850821,W
0.632289568635,0.509615814796,W
1.86225085884,0.22641974683,B
0.947564329841,0.637227519795,W
0.896520892707,0.393090942909,W
1.62410048127,0.811040310504,B
1.32230893454,0.682201821771,B
0.644847749258,0.265790914666,W
1.00804710744,0.149776855681,B
1.89078991588,0.548012304588,B
0.178688788361,0.292641555695,W
1.47456449881,0.119078531222,B
0.304571431988,0.127521419225,W
0.607467811307,0.788961884233,W
1.55106378738,0.698076883859,B
1.64319702474,0.889409374353,B
1.70860882625,0.396207820144,B
0.334925150589,0.0252321805149,W
1.90025969674,0.0960068181855,B
0.0594202255159,0.346321418199,W
1.21005212665,0.404543837971,B
0.678797561996,0.0860158856073,W
0.374375024545,0.115060299521,W
1.12688727365,0.71700155852,B
1.75378802181,0.914340923268,B
1.52900595451,0.881871803454,B
1.99738860284,0.616466574913,B
0.522735262342,0.412459580207,W
0.0221810438459,0.675384684948,W
1.40999147778,0.778656679176,B
0.565603213273,0.316807296107,W
1.18105005001,0.171297048107,B
1.1587308537,0.469010506699,B
0.687561091382,0.957222870776,W
1.40935720584,0.095395187848,B
1.18373266716,0.584627413061,B
1.67687639352,0.226393807342,B
1.82421280105,0.926762485844,B
1.87194491367,0.536587869988,B
1.22904108555,0.266136848016,B
1.60732106649,0.947614955008,B
1.73704446159,0.751349266405,B
1.90659839257,0.0667558337894,B
1.99388188927,0.314413447432,B
0.474994198966,0.972318680272,W
1.839600123,0.815785669322,B
1.24000256342,0.0387831743271,B
1.84931597757,0.887824794228,B
1.21515065252,0.540993568696,B
0.0801363439984,0.480607551641,W
1.28056938302,0.37931101283,B
1.21416454603,0.585718296689,B
0.372176558289,0.773376359036,W
0.420392786906,0.983435370207,W
0.42237208181,0.448455905027,W
0.318637824424,0.629162955509,W
1.79478136206,0.286657756517,B
0.95385116573,0.479427704284,W
0.181953678981,0.905314176289,W
0.262182580134,0.613875684432,W
1.13103056139,0.578318199338,B
0.811115078799,0.000113160574157,W
0.471993883511,0.328320253924,W
1.1305862744,0.493668397476,B
0.399025280917,0.681237216202,W
1.18596034409,0.162241620469,B
0.450377359328,0.21288661021,W
1.0721028398,0.962248825635,B
0.418971207557,0.240253818706,W
1.77355969933,0.10071312562,B
0.562960771935,0.598529206048,W
1.01440179387,0.734859770985,B
1.21877239964,0.857041235476,B
1.49658768518,0.0924343237103,B
0.824026266223,0.258002530818,W
1.05233978116,0.863625288252,B
1.29427803081,0.663077215943,B
0.627987721573,0.889885537766,W
0.0701148529756,0.351530331959,W
0.416821673768,0.344561315624,W
1.68545926411,0.183554091769,B
1.7964880701,0.326745531484,B
0.153190237662,0.959005177157,W
1.40185108987,0.456841828696,B
0.129823812145,0.833267235391,W
1.45982044509,0.00938300358166,B
0.00233674103717,0.345155474682,W
1.71170256277,0.139456652528,B
1.79617685156,0.635006353741,B
0.621906692552,0.338990787455,W
1.92577170133,0.806902819552,B
1.23351405902,0.910842274884,B
0.00844880643442,0.569124682517,W
1.43920569672,0.36757834458,B
0.499381091414,0.839898243782,W
0.3401129521,0.765706583448,W
1.32925788694,0.334611870961,B
1.01453652112,0.197032989821,B
0.613282254332,0.0665579790932,W
0.431389519941,0.181607076683,W
1.89765723702,0.270274132549,B
1.33197236013,0.603968028614,B
1.50981600628,0.573337764931,B
1.66549582445,0.416451732666,B
0.0080064309091,0.734905458041,W
0.0192012418101,0.179632070964,W
0.779653547355,0.295677826291,W
1.1594595773,0.810036720775,B
0.572519515758,0.428539900264,W
0.525697453557,0.425986508577,W
0.0465931308202,0.491651317815,W
0.265677983797,0.418224229767,W
0.775515043144,0.943574813149,W
1.40435257561,0.748892768676,B
0.0551526900323,0.75948130044,W
1.03004172317,0.683416155046,B
1.05079713609,0.272137826319,B
0.653033663853,0.108207489029,W
0.769608313343,0.871766248591,W
0.440489738489,0.0595901909738,W
0.476107669789,0.954061407322,W
0.76095068322,0.117575818328,W
1.08544669911,0.127390541141,B
1.6311663605,0.361986038786,B
0.735809264321,0.798852911284,W
1.5094941317,0.282252860149,B
0.469767055172,0.543675595872,W
0.881126694241,0.624637506495,W
1.07085095596,0.225737051919,B
0.686435772384,0.310938359805,W
1.06069430431,0.846093866868,B
1.93310828419,0.952810819778,B
1.23868756205,0.146156799033,B
0.240735085117,0.178639639847,W
1.11012282867,0.603003316401,B
1.77566030875,0.603191210557,B
1.43398842736,0.876974759102,B
1.94798839622,0.406416471369,B
0.24730297735,0.0799309201972,W
1.26482392305,0.665997799579,B
0.8407822177,0.357710759315,W
1.58647184254,0.922726077352,B
1.62580391674,0.841419685173,B
0.509442025622,0.179968882648,W
0.614791182413,0.826668653636,W
0.924617204132,0.379385504918,W
1.95261055642,0.360425275132,B
0.637200452042,0.0176204584001,W
0.88682241503,0.529923208038,W
0.420742022471,0.904800659125,W
0.987762502065,0.816046992578,W
0.527416117348,0.689425871134,W
0.910585937706,0.421826062724,W
0.853416519207,0.582032263188,W
0.175329679913,0.0468698567204,W
1.74226528583,0.79697377515,B
0.73534040182,0.248914271064,W
0.753326055015,0.204461959177,W
1.61579046733,0.269243701746,B
0.402594386407,0.645425966029,W
0.951177626521,0.457093379129,W
1.23609690657,0.172635305171,B
1.20292962368,0.863922128931,B
1.46017058929,0.208681146526,B
0.242511378082,0.804804130389,W
0.0612525171532,0.825077860302,W
1.64178565045,0.0738520926396,B
0.632579014451,0.426815562944,W
0.301485264296,0.542960409266,W
0.667916252851,0.00247722794776,W
0.90981903659,0.920684291881,W
1.21632694409,0.980893812535,B
1.04916726811,0.154512746486,B
0.813152981393,0.357741676742,W
1.66278645315,0.556150174296,B
0.470627406935,0.507485004784,W
1.46271301702,0.459062976863,B
0.694331034789,0.527661149161,W
1.99456134585,0.436331287645,B
1.80039762245,0.21067483692,B
1.7005203131,0.15467327262,B
0.800904226756,0.0974415617844,W
1.09255084161,0.66755291822,B
0.520823063553,0.440889777764,W
0.757561063746,0.359785415098,W
1.71890928581,0.248235173247,B
1.99191135073,0.950801835153,B
0.867856543629,0.147667047068,W
1.78450995152,0.512316956159,B
1.6816059581,0.794777232016,B
1.58867871522,0.728502977729,B
0.880342113447,0.180305395755,W
1.90428464397,0.911482528417,B
1.51063662134,0.865273438496,B
0.752865165064,0.354692166806,W
1.94818245363,0.196345566681,B
1.91533344191,0.802591137869,B
1.70281418515,0.793396757789,B
0.186473482703,0.556982495916,W
1.52880465466,0.227477367045,B
1.84891391312,0.402123198462,B
0.513836916414,0.644682208921,W
1.89894443847,0.276108771455,B
0.233291488249,0.909332039271,W
1.4905164803,0.67096278342,B
1.78819482331,0.164520185474,B
0.535146158075,0.718448205695,W
1.49863130769,0.561957805815,B
0.0377360957523,0.0309104419354,W
0.671267661031,0.634610637302,W
1.47181529643,0.866540359904,B
0.861292338031,0.718162315461,W
0.854314672866,0.05375393133,W
0.0993067928642,0.314786506933,W
1.50190990382,0.406370770597,B
0.593602343201,0.848296810555,W
1.33800760306,0.938897313922,B
1.37286755802,0.469109214472,B
1.50431891285,0.905406118421,B
0.658017522929,0.675183108812,W
0.821461998907,0.0566111988863,W
1.89147211171,0.934953786284,B
0.0531912899149,0.13037701691,W
0.940120512961,0.887654104507,W
0.881803433326,0.153803636543,W
1.39134671809,0.350967650909,B
1.63928415019,0.999179353058,B
1.1151765026,0.418107855365,B
1.2979050879,0.676015545466,B
1.78488084059,0.321845186155,B
1.55357130568,0.301979210674,B
1.1161510254,0.261880165804,B
0.880199949798,0.686052137025,W
0.330425327786,0.385476122595,W
0.834045964853,0.425000782584,W
1.98130672101,0.752989781818,B
0.729754623962,0.126190924908,W
0.489880573992,0.595413616663,W
1.3027271141,0.256843043864,B
0.121556935798,0.246426927062,W
1.88502482025,0.433734726468,B
1.15649248214,0.626147508167,B
1.65812471483,0.761063300362,B
1.19412428212,0.0160767216893,B
1.67302254666,0.151193721889,B
1.42219638041,0.835779719773,B
0.769130335768,0.288554828711,W
0.908104388281,0.116001428158,W
0.405123538786,0.301275970273,W
1.75387418001,0.396946290578,B
1.45863005633,0.965539116517,B
1.20258088201,0.140938565412,B
0.731845685398,0.592256523298,W
0.889886843292,0.920150353813,W
0.887421116357,0.60276155908,W
0.363490357573,0.642376596166,W
0.721033730639,0.649633598473,W
1.28942366221,0.57496951958,B
0.50335989691,0.622862864596,W
1.64081110194,0.775322688196,B
0.397601350223,0.535880804588,W
0.774179306772,0.766054285663,W
1.41739131532,0.204820591141,B
0.228034981573,0.333261390734,W
0.687232399832,0.963858910036,W
1.69145589887,0.887065858219,B
0.177151838854,0.797056219239,W
1.28999834968,0.33681573993,B
1.77204867246,0.352760476597,B
1.81432123589,0.99639801258,B
0.768171691117,0.708352942699,W
0.695907230905,0.363409356821,W
0.0716410266941,0.511178603029,W
0.67925240823,0.932983841093,W
0.498265874339,0.523771909447,W
0.82365546259,0.335657524822,W
0.716276438614,0.0793109406931,W
0.0355229774951,0.138881495257,W
0.414769534631,0.891075342785,W
0.547054874461,0.650751878582,W
0.0963244619764,0.101217893432,W
0.327295089017,0.436484765615,W
1.18204745842,0.816827482258,B
0.823747638506,0.522877512038,W
0.162527951967,0.549762627593,W
0.811824398363,0.0892583921466,W
1.85932490635,0.827371612058,B
0.192848546117,0.540977210791,W
0.335039153528,0.737203676257,W
1.7423219,0.44229081596,B
0.309376304292,0.023744214336,W
1.61908661822,0.506782054121,B
1.65685375701,0.699292431065,B
1.60905544406,0.969003080321,B
0.288256501867,0.701228623703,W
0.239172372394,0.926924179332,W
1.59722741477,0.962966546977,B
1.36463529795,0.620742832132,B
0.785270797251,0.353582880841,W
0.68274988985,0.0632596783767,W
0.870789881094,0.67451131379,W
1.40886589262,0.557459209445,B
0.780346683763,0.983691580618,W
0.565139126893,0.00650435719288,W
0.111535224561,0.858482885125,W
1.73301733896,0.16563140387,B
1.20054520321,0.913828187645,B
0.985726111587,0.0829667958597,W
0.715766748597,0.504203548088,W
0.873422889237,0.526076328853,W
0.133399532039,0.282446268579,W
0.76180184434,0.349670104781,W
0.980251259926,0.952251410641,W
1.42948053441,0.952766829218,B
1.10964767807,0.232039004466,B
1.23112272023,0.121308879204,B
0.0628780567534,0.44921679659,W
0.8866054179,0.754862909519,W
1.39787127571,0.39407838276,B
1.37939360692,0.677880193235,B
1.34075773184,0.325159607376,B
1.66144017547,0.518284127177,B
0.524788629942,0.798429519077,W
0.207473579898,0.893349874299,W
1.50533089587,0.805735402718,B
1.61287679843,0.440612541739,B
1.11101725792,0.926276460307,B
0.751436640476,0.183335240112,W
0.0897415382573,0.443453435821,W
0.397268271272,0.687649509896,W
1.27500832049,0.154642872995,B
0.600504515814,0.369772479826,W
1.58023383653,0.369958262756,B
1.89666209545,0.758106634942,B
1.60450968311,0.838876693508,B
1.45099860141,0.845340716561,B
0.122641384715,0.0602067709571,W
1.73038454068,0.0965650998596,B
1.83333984735,0.280990166664,B
0.600985923679,0.991672650716,W
1.84564251171,0.615592522738,B
1.90700173857,0.618073099965,B
0.650276219763,0.242659378232,W
0.304109390991,0.15273687896,W
0.202016033076,0.84083511887,W
0.275249095275,0.325870365916,W
1.33151282466,0.0133938103798,B
0.856433985567,0.306175348491,W
0.676993742296,0.49749069945,W
0.795090400443,0.193050864189,W
1.70451594983,0.642416454291,B
0.355476673453,0.374285187651,W
0.675111654197,0.602045362873,W
0.938468151709,0.688882905499,W
1.47933623688,0.474224903201,B
0.448573290099,0.0981283656918,W
1.9102970442,0.342760115654,B
0.523365858636,0.995602138893,W
0.176292623265,0.768040617286,W
1.43224041833,0.308877697567,B
0.0592720448781,0.619038123496,W
0.891650767001,0.35354102812,W
1.94458943975,0.668066361365,B
0.289568445964,0.204556263173,W
0.0335078813462,0.422991288779,W
0.885554893401,0.914049192643,W
1.83701632007,0.760828586148,B
0.993612804996,0.320904125545,W
1.79223980941,0.202701653922,B
0.561282782368,0.16141950682,W
1.81286136483,0.0887130086908,B
0.357836185004,0.160397902173,W
1.34292733765,0.374173385877,B
0.855173402866,0.859838704897,W
0.594413358162,0.121412798293,W
1.40814754204,0.262488175689,B
0.0275441146553,0.837932298968,W
1.80663946422,0.682575388385,B
1.1518622856,0.382336832274,B
1.76231218755,0.236821791717,B
0.690483016521,0.60207853448,W
1.41871251535,0.777102386367,B
0.66076143345,0.948454644366,W
0.0720619932225,0.572439934172,W
0.467725463015,0.366701778535,W
1.91412789872,0.371563210093,B
1.35885687386,0.565906410462,B
0.509165702925,0.712945174057,W
1.39597074669,0.440141033492,B
1.46460639397,0.371215035856,B
0.552786004289,0.839685196413,W
1.33969086829,0.257458711658,B
1.39160360353,0.510796524937,B
1.79188651778,0.940759416162,B
1.61298375136,0.533504623548,B
1.54594231869,0.505624524873,B
0.726200457541,0.275053789735,W
0.251739678786,0.727009177882,W
1.92873177403,0.739360067762,B
1.35315889975,0.98188652042,B
0.527427399938,0.879065775802,W
1.1006349828,0.648148530542,B
0.20608832133,0.734514165772,W
1.37992770845,0.615137967798,B
1.85432003813,0.864110028323,B
1.0724049325,0.409627388557,B
0.429820058573,0.949629788478,W
0.831805225455,0.0618504767428,W
0.763140222606,0.946141392952,W
1.17648240973,0.224512005349,B
0.0207785843087,0.0315520803766,W
1.65526759637,0.36691854366,B
1.66499737592,0.637115501513,B
1.62903030437,0.693764126378,B
1.78146349746,0.96474930183,B
0.59501835241,0.839128697324,W
0.677043948415,0.354024812693,W
0.701859573206,0.713407304897,W
0.652229614906,0.99298453639,W
1.31073700925,0.307252203989,B
1.62387190033,0.979908102354,B
1.78750004899,0.408921851305,B
0.401463840238,0.419660297929,W
1.80858316383,0.595952928903,B
1.85936975623,0.836901221258,B
0.759795659296,0.0604983600211,W
1.67528949942,0.803024940044,B
1.68236095182,0.0129951154738,B
0.566051102578,0.941033876764,W
1.80636714278,0.680748520814,B
0.695659413637,0.213129445522,W
1.2605920499,0.429152447085,B
1.26777082956,0.140540112695,B
0.0570900213665,0.453222169331,W
0.508044077554,0.256944685646,W
1.64950697551,0.717386066364,B
0.556602989378,0.459812370762,W
0.328958086251,0.698216493233,W
0.676340721441,0.79885869371,W
0.521592006361,0.0064273444228,W
0.232819571037,0.190536473541,W
0.891805192423,0.0868881238158,W
1.15750715742,0.270935110325,B
1.23179466218,0.600929605712,B
1.78230018559,0.642520727864,B
0.415408778657,0.30466247307,W
0.181279358755,0.295229765077,W
0.345764669128,0.292626133923,W
1.07573060807,0.126813837624,B
1.65358172631,0.317609314928,B
1.47805459201,0.525491272863,B
1.50382081777,0.624983790743,B
0.917302980025,0.768871481386,W
0.329768568044,0.501295796938,W
1.84564799174,0.936859626063,B
0.20089887238,0.026594940953,W
0.163278928327,0.764231402189,W
1.96549265348,0.772166719698,B
1.48634890924,0.845100174414,B
1.52444958398,0.650829359815,B
1.6419048555,0.477668682045,B
0.118037955526,0.738993963453,W
0.221610964261,0.040674455931,W
1.47400506355,0.0305167833753,B
0.469773453115,0.886578271783,W
1.74593108543,0.938103196599,B
0.604625782088,0.31511752196,W
1.80717840541,0.589988905173,B
1.25248446646,0.113640874394,B
0.712594464574,0.489354620713,W
0.936216639476,0.0776307867062,W
0.576213789795,0.814451861994,W
1.28047244,0.929658432489,B
1.13284118,0.225297040394,B
1.19131475823,0.0422674636103,B
1.17259882485,0.877999675488,B
1.36076499333,0.592307452372,B
1.47733386975,0.459820531351,B
0.344676059927,0.0555588632021,W
0.577297420933,0.194595485097,W
0.429423375761,0.937361936148,W
0.159228930757,0.712191037944,W
0.560653786563,0.935847845941,W
0.467926780329,0.189267710934,W
1.71577406179,0.920164476739,B
0.837026211894,0.444813235117,W
1.03705608105,0.21332801283,B
1.45577901637,0.62884654681,B
0.0635139478615,0.428947339142,W
1.76800955451,0.968930477639,B
1.04971807097,0.0675495594713,B
1.49495039791,0.91089854298,B
1.9178090218,0.00163842663781,B
0.0697366723685,0.102760858948,W
1.52811892672,0.612420411236,B
0.391087851624,0.411831762337,W
1.0980322606,0.725363195372,B
1.18416448645,0.655200174567,B
1.88445163106,0.00943332438244,B
0.435193698603,0.532233499242,W
0.236577498207,0.437801294057,W
1.3738928742,0.114382408123,B
1.24348790304,0.576210616694,B
0.628007384659,0.0673641678845,W
1.31931284817,0.520171333942,B
1.85275562279,0.183826978231,B
0.179162892235,0.779399182997,W
1.07715088578,0.754319917349,B
1.86361492338,0.907195202002,B
0.955007584118,0.655904687632,W
1.61358912094,0.844355076073,B
0.244674943309,0.582445535785,W
1.14940211428,0.904365129376,B
1.77287956981,0.169845011362,B
0.992742576307,0.687376605586,W
1.56391823266,0.804853589721,B
1.50814780981,0.26340359939,B
0.044259774114,0.576544720315,W
1.56804962036,0.145996610636,B
0.716245048376,0.357321112611,W
0.159973862555,0.547897745253,W
1.48629724138,0.649542150458,B
1.40634275448,0.790734006285,B
1.73130895173,0.687009347072,B
0.590555165236,0.178072227676,W
0.954075465117,0.0564776728546,W
0.7599980788,0.453731525921,W
1.41962201841,0.22138411379,B
0.373578650923,0.745553106491,W
1.99510796792,0.398103539605,B
1.37409237788,0.696325370549,B
1.48621184185,0.250454477624,B
1.49029226482,0.110964266011,B
0.568485120401,0.673306429249,W
1.80786609356,0.345109366132,B
1.17945952093,0.713136727369,B
1.25586418376,0.41333657919,B
1.17577227707,0.480665942364,B
0.935247004007,0.149790361443,W
0.714168188698,0.859052888826,W
1.6580284504,0.512971183996,B
1.3356324653,0.664197100004,B
0.605174876566,0.846627459308,W
0.551110489881,0.530435226141,W
1.32580610926,0.723088163292,B
0.132076616825,0.0114454193636,W
0.744325069594,0.0678849258821,W
0.317165451459,0.96442674496,W
1.22348728605,0.651213000704,B
1.2817402569,0.219377156244,B
0.231567355168,0.344384467811,W
0.97754359784,0.737719290949,W
1.80509163697,0.666575135637,B
0.540575546622,0.602749519005,W
1.22700036312,0.0695914958734,B
0.518052462304,0.591627464198,W
1.10606894068,0.720966471961,B
1.56341147545,0.80944712211,B
1.47381175467,0.313792608017,B
0.951023200849,0.115904474322,W
1.47188898441,0.562520530881,B
1.86093151165,0.223343584117,B
1.0620807614,0.675716415621,B
0.352430282241,0.430235105457,W
1.49697672496,0.495280037468,B
0.0513157863023,0.496092775361,W
0.407524660431,0.317062426795,W
0.685792062314,0.341089641235,W
1.45987871323,0.76249250117,B
0.444792774313,0.21872272086,W
0.305957469606,0.195373483529,W
1.63622054026,0.943473136729,B
0.409410313975,0.558625507233,W
0.397122233514,0.298646680085,W
0.0403514431415,0.52651186176,W
1.81627080299,0.0451848490573,B
1.82868138067,0.510170267997,B
1.88034911174,0.260152333048,B
1.7210954046,0.164223264868,B
1.19187163105,0.0248693081271,B
1.12713047583,0.550546157602,B
1.6867082827,0.996610807581,B
1.16320091826,0.198112782854,B
1.79095779732,0.216890539337,B
0.557634921986,0.623892191133,W
0.886765107375,0.526646458998,W
1.55979209373,0.25932549604,B
0.436847234022,0.00092575648221,W
0.391454959192,0.157373195352,W
0.980650710747,0.555954533061,W
1.51717590706,0.618137914362,B
0.0914515652223,0.0287578618304,W
0.832263707916,0.742632059005,W
0.235657096141,0.853405665653,W
0.035827836232,0.0990302801321,W
0.223079794735,0.398549405668,W
0.495613478154,0.158550346088,W
1.22361345941,0.844516726483,B
1.84091904224,0.0700871937086,B
1.31560186996,0.205100866141,B
0.0303212058569,0.963404102516,W
1.40304775613,0.280297403409,B
1.34319455973,0.455685941315,B
0.336594132781,0.641675314302,W
0.882833547985,0.98606972997,W
1.0316540401,0.46386092026,B
0.89540856453,0.422768431885,W
0.870409092318,0.221860057284,W
0.741036038986,0.448129448957,W
1.70974001767,0.606580200823,B
0.939166806231,0.917554681233,W
1.23907363906,0.0965092230231,B
1.58720151153,0.741432347436,B
1.11332546824,0.476631336972,B
1.83880677852,0.0606310496216,B
1.4531346273,0.246437358183,B
1.82311972426,0.139476873243,B
0.466157641851,0.937230723559,W
1.17190549935,0.67954990205,B
1.53436076761,0.186462404044,B
0.094933931272,0.212391898128,W
1.01548002887,0.439990841962,B
0.0177949818538,0.668944603209,W
1.99902615413,0.105000822825,B
1.38691506201,0.734527551276,B
0.882051002436,0.10665806776,W
1.65651650947,0.394558049688,B
0.0220235801822,0.357451005221,W
1.7402029706,0.772851460332,B
0.476286380218,0.224392752804,W
1.51876100908,0.296726253794,B
1.1588872255,0.495882604232,B
1.93444305051,0.771925289365,B
0.597704966346,0.783602438065,W
1.0985305462,0.535402231114,B
0.116699258488,0.578435215012,W
0.233257042686,0.340133765077,W
1.5529425456,0.839532278022,B
0.0279819612862,0.356547698038,W
0.930460689732,0.408078277181,W
1.79757996482,0.240009483404,B
0.670784711524,0.789663968916,W
0.718494529359,0.888706408913,W
1.52101851965,0.86512230342,B
0.983091788108,0.886392418034,W
1.37404201188,0.341126050599,B
0.961995284853,0.638906229283,W
1.87607577001,0.363481038291,B
0.689174792573,0.172263785067,W
1.86175514961,0.691074644682,B
0.3761793437,0.488798960349,W
0.253712368819,0.262771579149,W
1.08269761154,0.120049398082,B
1.99463519851,0.746280624374,B
1.58085151053,0.561266574444,B
0.742402869848,0.409954790026,W
0.680796816405,0.599127346851,W
0.712479339646,0.982499534663,W
0.0757645520568,0.0319881854274,W
0.161665576134,0.775525691052,W
0.844756360728,0.63376136754,W
0.248060048693,0.999950934259,W
1.82875531904,0.686459133183,B
1.24946176014,0.260087772204,B
1.19795231738,0.158260415351,B
1.19197289006,0.895572973296,B
0.725247275992,0.524351288278,W
0.913248493376,0.554299381744,W
0.897306226287,0.947137165647,W
1.12553578187,0.507975973798,B
1.54239351489,0.725094662674,B
1.08777315904,0.110108271991,B
1.30636875737,0.606844718556,B
1.81335176803,0.956860033048,B
1.73792872115,0.652080885048,B
0.620214083131,0.264764305899,W
0.683438286804,0.109707422061,W
1.25197579378,0.845435112895,B
0.226497258837,0.569143811379,W
0.43373304695,0.364921743569,W
0.144444961159,0.677490285051,W
0.69204068716,0.881208554088,W
0.476659633739,0.52269874625,W
0.624096323244,0.334132462791,W
0.217194638157,0.0116019796674,W
1.72800739426,0.94477085856,B
0.713171785535,0.987015390305,W
1.78132706993,0.0949561915229,B
1.96806347426,0.685972902357,B
1.47067178046,0.209588396714,B
1.43594120975,0.812470159418,B
0.979546442216,0.270931215984,W
0.291877338703,0.715577229521,W
1.03681030482,0.614993170652,B
1.0391228581,0.278994511815,B
1.941468886,0.608082700974,B
0.89529225455,0.636252755618,W
0.767598496567,0.09660517036,W
1.63635166654,0.197098975594,B
0.826618888071,0.873832358949,W
0.490127794861,0.195677968629,W
0.127793683891,0.176804760762,W
1.76995248328,0.523222038694,B
0.590576784559,0.00616973540275,W
1.50957603795,0.71560135036,B
1.43237573375,0.152775679188,B
1.87749260481,0.824331129459,B
1.03385661843,0.534577368958,B
1.57743688606,0.915888148525,B
1.81922116331,0.135844034048,B
1.25624011564,0.192570650532,B
1.61283964738,0.434089221358,B
1.47869132304,0.868100264979,B
0.32604798508,0.719022405641,W
0.870603638785,0.840815799415,W
0.723877657135,0.903596082585,W
1.43667201428,0.0946912743798,B
1.0735646446,0.0918605435402,B
1.37718612316,0.954258008575,B
1.80077562042,0.257670164148,B
0.434908433023,0.927959965599,W
0.172745533795,0.724951441484,W
0.431802687332,0.0934692156199,W
0.663186758691,0.249949698912,W
1.23045856598,0.475344903522,B
0.806262758,0.118060249771,W
0.969372777221,0.676822861216,W
1.89200431411,0.459691017497,B
1.1465441892,0.793839114684,B
1.94465067279,0.573884735809,B
1.15250451382,0.301089486526,B
1.11777132759,0.400333913424,B
1.35414433475,0.381083693311,B
0.166408560673,0.00288202390076,W
1.58484254964,0.239545050336,B
0.0704957771426,0.384294981621,W
1.18320285233,0.662104954159,B
0.0263095537499,0.162145597564,W
0.73103105784,0.822151141104,W
0.397127847771,0.83767390775,W
0.619490680771,0.508772790638,W
1.52202229205,0.347352360162,B
0.983068466793,0.0754205931038,W
1.7385847427,0.935157957485,B
1.2008686161,0.388430017758,B
0.592916091275,0.661197239411,W
1.17030141508,0.421379578387,B
0.462316426756,0.29488087936,W
0.220079922435,0.786573711191,W
1.20935116203,0.506292033207,B
1.36386075161,0.492230831663,B
1.65929257461,0.438014512853,B
0.677232614872,0.994959486817,W
1.64515233229,0.758146625553,B
0.299276419276,0.234574568997,W
0.934527317985,0.895067169249,W
0.70121334858,0.321583201905,W
1.64063580095,0.0146686792219,B
0.682796127963,0.209509796493,W
0.34914294482,0.603755909205,W
0.197133662497,0.310845025867,W
0.54436113768,0.214854122311,W
0.689637772282,0.862252975092,W
0.429721839339,0.795612169574,W
0.701004387663,0.643179218488,W
0.131899901985,0.726849827592,W
1.24819703813,0.468707807727,B
1.60417499814,0.148468867654,B
1.01897749744,0.939104035616,B
0.134304162516,0.5403865805,W
0.805353881397,0.131836494975,W
1.53345998518,0.0878380646261,B
0.989822394046,0.820929485164,W
0.372374709339,0.145849585299,W
0.931703952771,0.375781599347,W
1.00369416366,0.290625025377,B
1.27292458954,0.905715674703,B
0.115150322595,0.26116552492,W
1.71244719955,0.863698617276,B
0.280565711557,0.59057945222,W
0.688286077551,0.909155721367,W
0.361595320171,0.497108627074,W
0.756642352353,0.00561550999854,W
1.45817865922,0.226971252506,B
1.68048847537,0.933058966876,B
0.168569557669,0.243897543224,W
1.81508357789,0.324632660173,B
0.145769145591,0.714518736869,W
1.57821781485,0.741116235183,B
0.199288156082,0.334022264579,W
1.96782322496,0.710815662522,B
0.722784012795,0.699573782627,W
1.282706096,0.145083321814,B
1.34612487588,0.540282238558,B
1.60182030873,0.274759393006,B
1.57554903054,0.493310058986,B
0.695532862027,0.231357718798,W
1.42203468146,0.241255805605,B
1.19254853556,0.661999463772,B
1.74981588894,0.772310357089,B
1.54517227622,0.255684994118,B
1.58795529603,0.953187557023,B
1.82899912289,0.297251406423,B
0.825470857632,0.36673377303,W
1.30329035346,0.944908842206,B
0.964257367786,0.872237381646,W
0.293210647892,0.263171440433,W
0.516931108979,0.281949478623,W
1.29956412308,0.27915890699,B
0.215042425426,0.0457074563327,W
1.56127270473,0.692621723226,B
1.52430036953,0.383406594832,B
1.95568408825,0.00643099851964,B
1.88767211619,0.75134977274,B
1.54267680503,0.144623823591,B
1.85671736598,0.939269580393,B
1.33111046736,0.266622187236,B
1.62285797277,0.0122545624191,B
0.203708229167,0.319173376892,W
1.27421430724,0.883045425082,B
1.96034483277,0.374140417703,B
1.54415411317,0.0580221605728,B
0.677170205357,0.931530255781,W
0.084767823967,0.792367929196,W
0.297993406847,0.673419930302,W
1.04536566343,0.613320931791,B
1.73485956914,0.586849259226,B
0.398144583226,0.383203694019,W
0.422691738271,0.250654032312,W
0.157978886046,0.152476224852,W
1.27627079028,0.389708949378,B
0.856650005915,0.514913591383,W
1.51020324245,0.835821846697,B
0.859601513128,0.40765794748,W
1.72849729005,0.228215737844,B
1.40758345604,0.231664403179,B
1.3986857984,0.211765115972,B
0.341038881901,0.728335407341,W
1.88989333655,0.352179631319,B
0.266823401164,0.73234287519,W
1.85133048391,0.280528569561,B
1.94925680395,0.696817759408,B
0.399992640831,0.892886921585,W
1.18515838878,0.625300483598,B
1.48946049904,0.2077366439,B
0.55889322093,0.283832288219,W
1.54884927069,0.764248039615,B
1.04019061846,0.199954452749,B
0.6368784027,0.931629290795,W
1.30467719452,0.893493915406,B
1.31695826934,0.47351420184,B
0.824850146413,0.152896749215,W
1.95712095427,0.22262400165,B
0.552968977643,0.114182251248,W
0.273526758593,0.121033453999,W
1.26238084718,0.0568303764329,B
0.0845756816444,0.953182900923,W
0.0567400314509,0.846689477305,W
0.0514451213128,0.0230069794977,W
1.34886639539,0.187083202026,B
0.0986683753961,0.389660383262,W
0.475768320692,0.0863764385796,W
1.14256705514,0.970747297681,B
1.37364259286,0.949382354033,B
1.86661537128,0.521164283618,B
0.323314372445,0.323555986087,W
1.58364670989,0.76761539258,B
0.633271055227,0.0121415679946,W
0.14496762459,0.464429298659,W
0.0202277061523,0.333202077209,W
1.96958367942,0.246089221773,B
0.90322964211,0.445141798988,W
1.67642477374,0.66690826615,B
0.409541657408,0.632694741158,W
1.64089815938,0.109586803679,B
1.82366329699,0.0535860610501,B
0.320697051514,0.67493709077,W
1.96277817164,0.000514987035721,B
0.897235693513,0.87462720167,W
1.48146986018,0.918265697051,B
0.985842212409,0.0530211140692,W
1.83122970749,0.708107701785,B
1.53843293175,0.54655820708,B
0.445848109388,0.645950656088,W
0.56002699654,0.436236365591,W
1.70491387801,0.287935956046,B
1.432529525,0.156211556869,B
1.10547238119,0.977636228293,B
1.54962271251,0.578982142289,B
1.01034740431,0.879305467178,B
0.273372914326,0.425683007826,W
1.24648228259,0.914903206789,B
0.165196433182,0.51566430359,W
0.161735989073,0.768800480467,W
1.3471797336,0.154771588917,B
0.430187989008,0.540624228249,W
0.631658232361,0.0392612648362,W
0.193941424056,0.235451338634,W
1.19808887734,0.236643805435,B
1.26864051851,0.426566156917,B
0.325886497354,0.905748895836,W
1.54010310998,0.0974400320697,B
0.365150961479,0.392895375716,W
0.83529540222,0.790472637127,W
1.47888779437,0.236355380479,B
1.85403749901,0.440300463652,B
1.05363152402,0.540773855541,B
0.563763582723,0.60737877136,W
0.724438365447,0.430579241677,W
1.62777620892,0.00565607876509,B
0.813719368969,0.765267150291,W
0.997008435554,0.146593353473,W
1.92173493931,0.782487468484,B
1.88973156011,0.62033642723,B
0.648904450075,0.796339586012,W
1.2304618032,0.791716023643,B
1.39877975041,0.565470821245,B
0.825821479684,0.974608839792,W
1.04182265812,0.733653378004,B
0.343832732524,0.381228398022,W
0.759122981772,0.671762553682,W
1.11013317664,0.822437115298,B
1.52116897916,0.281220188535,B
1.59624580609,0.841051915892,B
1.79697504821,0.349038664756,B
1.17032831196,0.134134265821,B
1.87961894674,0.459253533133,B
0.350266021515,0.832950267344,W
1.64916285998,0.684072743582,B
1.69250553185,0.851486612804,B
0.0499054117398,0.232635254517,W
0.690736074693,0.788130183546,W
0.489199704708,0.956276605981,W
0.375675406354,0.573834638457,W
1.47762741228,0.182653833519,B
1.60051601198,0.610747711911,B
1.51125799267,0.688249646959,B
0.883298933398,0.25985224265,W
1.94262199164,0.238526704942,B
1.90273243285,0.374854018435,B
1.28707495874,0.408897858038,B
1.43462967085,0.510136704509,B
1.41960576478,0.753459988696,B
1.94759724668,0.204411531627,B
1.75404402193,0.679613115245,B
0.4361323222,0.525537915698,W
0.119718875407,0.0161380659586,W
1.832790643,0.731591341653,B
1.96196113944,0.271267353026,B
1.59838938123,0.547535753025,B
1.36779496689,0.800478193466,B
1.84378275722,0.846816284583,B
0.662367676218,0.0321586418544,W
0.201213903471,0.189546849942,W
0.0061867490536,0.605818522149,W
1.0181389884,0.794553350963,B
0.910891714755,0.0865934837887,W
0.76345836712,0.915033401348,W
0.788243368648,0.205893581265,W
0.562161756029,0.916620546553,W
0.463369730774,0.345414214358,W
0.401648148722,0.371963438496,W
0.472171706402,0.817275553432,W
0.748323224929,0.990827239736,W
0.403301149014,0.508070933454,W
1.82570943143,0.0294813802246,B
1.38060976076,0.612328974382,B
1.80604955001,0.92459280602,B
1.5345973161,0.120802692607,B
1.26893910678,0.386778618638,B
0.603847268681,0.883411335674,W
1.94849411774,0.553443779372,B
1.26470729454,0.102687626973,B
0.800300117782,0.523332089879,W
0.181748547802,0.400018011137,W
1.65437084376,0.595776805803,B
0.732140268053,0.66654617269,W
1.39922123406,0.873848845563,B
1.60502022806,0.00332971179143,B
1.82145105848,0.525315229037,B
1.22161764811,0.528056316828,B
0.115073603757,0.41627094591,W
1.57623203698,0.510204414672,B
0.283251405157,0.959790474736,W
1.92710756791,0.993959850599,B
0.804605734701,0.0518649445709,W
1.76057077649,0.856019977655,B
1.81471156292,0.146095370493,B
0.581591650484,0.175690530256,W
0.76959698029,0.889421821308,W
1.91694552371,0.858756702688,B
1.52871671079,0.821554917115,B
1.65153269666,0.439792218986,B
0.994626887817,0.345540223702,W
1.94682252388,0.486676018954,B
0.115737814743,0.149187985223,W
1.84631296008,0.116014636974,B
1.45297623071,0.421965970777,B
1.62343739699,0.407659782314,B
0.126451552384,0.502509379309,W
1.53227705589,0.206069390153,B
1.40331724341,0.766351696589,B
0.717719485894,0.490135605941,W
1.38934233593,0.827720775941,B
1.68280019886,0.556666769081,B
1.40625479255,0.556498127024,B
1.46732359962,0.261632989267,B
1.06833307636,0.535164282828,B
1.61524029921,0.512559242063,B
1.55156817192,0.651878571645,B
1.65992266499,0.562481309806,B
